"Correlation_Id","Dispatch_Id","Agent_Id","Queue_Id","Process_Id","Thread_Id","Grid_Size","Kernel_Id","Kernel_Name","Workgroup_Size","LDS_Block_Size","Scratch_Size","VGPR_Count","Accum_VGPR_Count","SGPR_Count","Counter_Name","Counter_Value","Start_Timestamp","End_Timestamp"
1,1,"Agent 2",1,3122185,3122185,512,8,"__amd_rocclr_copyBuffer",512,0,0,8,0,32,"SQ_INSTS_LDS",0.00000000e+00,6200905665308747,6200905665312747
1,1,"Agent 2",1,3122185,3122185,512,8,"__amd_rocclr_copyBuffer",512,0,0,8,0,32,"SQ_INSTS_MFMA",0.00000000e+00,6200905665308747,6200905665312747
1,1,"Agent 2",1,3122185,3122185,512,8,"__amd_rocclr_copyBuffer",512,0,0,8,0,32,"SQ_INSTS_SALU",152.000000,6200905665308747,6200905665312747
1,1,"Agent 2",1,3122185,3122185,512,8,"__amd_rocclr_copyBuffer",512,0,0,8,0,32,"SQ_INSTS_VALU",105.000000,6200905665308747,6200905665312747
1,1,"Agent 2",1,3122185,3122185,512,8,"__amd_rocclr_copyBuffer",512,0,0,8,0,32,"SQ_WAVES",8.000000,6200905665308747,6200905665312747
2,2,"Agent 2",1,3122185,3122185,1024,8,"__amd_rocclr_copyBuffer",512,0,0,8,0,32,"SQ_INSTS_LDS",0.00000000e+00,6200905665388625,6200905665391105
2,2,"Agent 2",1,3122185,3122185,1024,8,"__amd_rocclr_copyBuffer",512,0,0,8,0,32,"SQ_INSTS_MFMA",0.00000000e+00,6200905665388625,6200905665391105
2,2,"Agent 2",1,3122185,3122185,1024,8,"__amd_rocclr_copyBuffer",512,0,0,8,0,32,"SQ_INSTS_SALU",220.000000,6200905665388625,6200905665391105
2,2,"Agent 2",1,3122185,3122185,1024,8,"__amd_rocclr_copyBuffer",512,0,0,8,0,32,"SQ_INSTS_VALU",208.000000,6200905665388625,6200905665391105
2,2,"Agent 2",1,3122185,3122185,1024,8,"__amd_rocclr_copyBuffer",512,0,0,8,0,32,"SQ_WAVES",16.000000,6200905665388625,6200905665391105
3,3,"Agent 2",1,3122185,3122185,512,8,"__amd_rocclr_copyBuffer",512,0,0,8,0,32,"SQ_INSTS_LDS",0.00000000e+00,6200905665490183,6200905665493183
3,3,"Agent 2",1,3122185,3122185,512,8,"__amd_rocclr_copyBuffer",512,0,0,8,0,32,"SQ_INSTS_MFMA",0.00000000e+00,6200905665490183,6200905665493183
3,3,"Agent 2",1,3122185,3122185,512,8,"__amd_rocclr_copyBuffer",512,0,0,8,0,32,"SQ_INSTS_SALU",158.000000,6200905665490183,6200905665493183
3,3,"Agent 2",1,3122185,3122185,512,8,"__amd_rocclr_copyBuffer",512,0,0,8,0,32,"SQ_INSTS_VALU",57.000000,6200905665490183,6200905665493183
3,3,"Agent 2",1,3122185,3122185,512,8,"__amd_rocclr_copyBuffer",512,0,0,8,0,32,"SQ_WAVES",8.000000,6200905665490183,6200905665493183
4,4,"Agent 2",1,3122185,3122185,512,8,"__amd_rocclr_copyBuffer",512,0,0,8,0,32,"SQ_INSTS_LDS",0.00000000e+00,6200905665548461,6200905665550941
4,4,"Agent 2",1,3122185,3122185,512,8,"__amd_rocclr_copyBuffer",512,0,0,8,0,32,"SQ_INSTS_MFMA",0.00000000e+00,6200905665548461,6200905665550941
4,4,"Agent 2",1,3122185,3122185,512,8,"__amd_rocclr_copyBuffer",512,0,0,8,0,32,"SQ_INSTS_SALU",127.000000,6200905665548461,6200905665550941
4,4,"Agent 2",1,3122185,3122185,512,8,"__amd_rocclr_copyBuffer",512,0,0,8,0,32,"SQ_INSTS_VALU",65.000000,6200905665548461,6200905665550941
4,4,"Agent 2",1,3122185,3122185,512,8,"__amd_rocclr_copyBuffer",512,0,0,8,0,32,"SQ_WAVES",8.000000,6200905665548461,6200905665550941
5,5,"Agent 2",1,3122185,3122185,512,8,"__amd_rocclr_copyBuffer",512,0,0,8,0,32,"SQ_INSTS_LDS",0.00000000e+00,6200905665623060,6200905665625420
5,5,"Agent 2",1,3122185,3122185,512,8,"__amd_rocclr_copyBuffer",512,0,0,8,0,32,"SQ_INSTS_MFMA",0.00000000e+00,6200905665623060,6200905665625420
5,5,"Agent 2",1,3122185,3122185,512,8,"__amd_rocclr_copyBuffer",512,0,0,8,0,32,"SQ_INSTS_SALU",95.000000,6200905665623060,6200905665625420
5,5,"Agent 2",1,3122185,3122185,512,8,"__amd_rocclr_copyBuffer",512,0,0,8,0,32,"SQ_INSTS_VALU",57.000000,6200905665623060,6200905665625420
5,5,"Agent 2",1,3122185,3122185,512,8,"__amd_rocclr_copyBuffer",512,0,0,8,0,32,"SQ_WAVES",8.000000,6200905665623060,6200905665625420
6,6,"Agent 2",1,3122185,3122185,256,10,"__amd_rocclr_fillBufferAligned",256,0,0,8,0,48,"SQ_INSTS_LDS",0.00000000e+00,6200905665762257,6200905665764257
6,6,"Agent 2",1,3122185,3122185,256,10,"__amd_rocclr_fillBufferAligned",256,0,0,8,0,48,"SQ_INSTS_MFMA",0.00000000e+00,6200905665762257,6200905665764257
6,6,"Agent 2",1,3122185,3122185,256,10,"__amd_rocclr_fillBufferAligned",256,0,0,8,0,48,"SQ_INSTS_SALU",84.000000,6200905665762257,6200905665764257
6,6,"Agent 2",1,3122185,3122185,256,10,"__amd_rocclr_fillBufferAligned",256,0,0,8,0,48,"SQ_INSTS_VALU",35.000000,6200905665762257,6200905665764257
6,6,"Agent 2",1,3122185,3122185,256,10,"__amd_rocclr_fillBufferAligned",256,0,0,8,0,48,"SQ_WAVES",4.000000,6200905665762257,6200905665764257
7,7,"Agent 2",1,3122185,3122185,256,10,"__amd_rocclr_fillBufferAligned",256,0,0,8,0,48,"SQ_INSTS_LDS",0.00000000e+00,6200905665814936,6200905665816736
7,7,"Agent 2",1,3122185,3122185,256,10,"__amd_rocclr_fillBufferAligned",256,0,0,8,0,48,"SQ_INSTS_MFMA",0.00000000e+00,6200905665814936,6200905665816736
7,7,"Agent 2",1,3122185,3122185,256,10,"__amd_rocclr_fillBufferAligned",256,0,0,8,0,48,"SQ_INSTS_SALU",85.000000,6200905665814936,6200905665816736
7,7,"Agent 2",1,3122185,3122185,256,10,"__amd_rocclr_fillBufferAligned",256,0,0,8,0,48,"SQ_INSTS_VALU",34.000000,6200905665814936,6200905665816736
7,7,"Agent 2",1,3122185,3122185,256,10,"__amd_rocclr_fillBufferAligned",256,0,0,8,0,48,"SQ_WAVES",4.000000,6200905665814936,6200905665816736
8,8,"Agent 2",1,3122185,3122185,256,10,"__amd_rocclr_fillBufferAligned",256,0,0,8,0,48,"SQ_INSTS_LDS",0.00000000e+00,6200905665867575,6200905665869135
8,8,"Agent 2",1,3122185,3122185,256,10,"__amd_rocclr_fillBufferAligned",256,0,0,8,0,48,"SQ_INSTS_MFMA",0.00000000e+00,6200905665867575,6200905665869135
8,8,"Agent 2",1,3122185,3122185,256,10,"__amd_rocclr_fillBufferAligned",256,0,0,8,0,48,"SQ_INSTS_SALU",84.000000,6200905665867575,6200905665869135
8,8,"Agent 2",1,3122185,3122185,256,10,"__amd_rocclr_fillBufferAligned",256,0,0,8,0,48,"SQ_INSTS_VALU",35.000000,6200905665867575,6200905665869135
8,8,"Agent 2",1,3122185,3122185,256,10,"__amd_rocclr_fillBufferAligned",256,0,0,8,0,48,"SQ_WAVES",4.000000,6200905665867575,6200905665869135
9,9,"Agent 2",1,3122185,3122185,131072,11,"clifft::gpu::(anonymous namespace)::sample_kernel_global_coop(clifft::gpu::GpuProgram, unsigned long, unsigned long, unsigned long, clifft::gpu::GpuComplex*, clifft::gpu::GpuComplex*, unsigned long*, clifft::gpu::BlockCounts*)",256,8704,56,64,0,112,"SQ_INSTS_LDS",98802623.000000,6200905666545033,6200905707900590
9,9,"Agent 2",1,3122185,3122185,131072,11,"clifft::gpu::(anonymous namespace)::sample_kernel_global_coop(clifft::gpu::GpuProgram, unsigned long, unsigned long, unsigned long, clifft::gpu::GpuComplex*, clifft::gpu::GpuComplex*, unsigned long*, clifft::gpu::BlockCounts*)",256,8704,56,64,0,112,"SQ_INSTS_MFMA",0.00000000e+00,6200905666545033,6200905707900590
9,9,"Agent 2",1,3122185,3122185,131072,11,"clifft::gpu::(anonymous namespace)::sample_kernel_global_coop(clifft::gpu::GpuProgram, unsigned long, unsigned long, unsigned long, clifft::gpu::GpuComplex*, clifft::gpu::GpuComplex*, unsigned long*, clifft::gpu::BlockCounts*)",256,8704,56,64,0,112,"SQ_INSTS_SALU",5442618681.000000,6200905666545033,6200905707900590
9,9,"Agent 2",1,3122185,3122185,131072,11,"clifft::gpu::(anonymous namespace)::sample_kernel_global_coop(clifft::gpu::GpuProgram, unsigned long, unsigned long, unsigned long, clifft::gpu::GpuComplex*, clifft::gpu::GpuComplex*, unsigned long*, clifft::gpu::BlockCounts*)",256,8704,56,64,0,112,"SQ_INSTS_VALU",2380808021.000000,6200905666545033,6200905707900590
9,9,"Agent 2",1,3122185,3122185,131072,11,"clifft::gpu::(anonymous namespace)::sample_kernel_global_coop(clifft::gpu::GpuProgram, unsigned long, unsigned long, unsigned long, clifft::gpu::GpuComplex*, clifft::gpu::GpuComplex*, unsigned long*, clifft::gpu::BlockCounts*)",256,8704,56,64,0,112,"SQ_WAVES",2048.000000,6200905666545033,6200905707900590
10,10,"Agent 2",1,3122185,3122185,512,8,"__amd_rocclr_copyBuffer",512,0,0,8,0,32,"SQ_INSTS_LDS",0.00000000e+00,6200905708022388,6200905708024628
10,10,"Agent 2",1,3122185,3122185,512,8,"__amd_rocclr_copyBuffer",512,0,0,8,0,32,"SQ_INSTS_MFMA",0.00000000e+00,6200905708022388,6200905708024628
10,10,"Agent 2",1,3122185,3122185,512,8,"__amd_rocclr_copyBuffer",512,0,0,8,0,32,"SQ_INSTS_SALU",163.000000,6200905708022388,6200905708024628
10,10,"Agent 2",1,3122185,3122185,512,8,"__amd_rocclr_copyBuffer",512,0,0,8,0,32,"SQ_INSTS_VALU",65.000000,6200905708022388,6200905708024628
10,10,"Agent 2",1,3122185,3122185,512,8,"__amd_rocclr_copyBuffer",512,0,0,8,0,32,"SQ_WAVES",8.000000,6200905708022388,6200905708024628
