source,file,kernel,vgpr,agpr,sgpr,vgpr_spill,sgpr_spill,scratch_bytes,lds_bytes
interpreter,clifft_v2_coop.hsaco,clifft_v2_global,128,64,108,0,47,416,784
interpreter,clifft_v2_probe.hsaco,clifft_v2_probe,4,0,10,0,0,0,0
interpreter,clifft_v2_register.hsaco,clifft_v2_register,128,64,106,8,44,880,0
specialized,coop_r10_n140_4dfa2381ce3e045a.hsaco,clifft_v2_spec,72,8,74,0,0,0,13064
specialized,coop_r10_n140_74005d8ad83bf609.hsaco,clifft_v2_spec,72,8,74,0,0,0,13064
specialized,coop_r10_n1720_977e1e830813621d.hsaco,clifft_v2_spec,127,63,104,0,0,336,13064
specialized,coop_r10_n1720_cadfdf1980b2e2e8.hsaco,clifft_v2_spec,128,64,104,0,0,336,13064
specialized,coop_r10_n4371_39922b8133612125.hsaco,clifft_v2_spec,128,64,92,0,0,288,13064
specialized,coop_r10_n4371_8d8678a106beb1c.hsaco,clifft_v2_spec,128,64,92,0,0,288,13064
specialized,coop_r7_n16374_82222aeb2f308368.hsaco,clifft_v2_spec,128,64,74,0,0,288,13064
specialized,coop_r7_n16374_be6222f2400b1e00.hsaco,clifft_v2_spec,128,64,74,0,0,288,13064
specialized,coop_r7_n4134_112c068fdca1d2d9.hsaco,clifft_v2_spec,128,64,74,0,0,288,13064
specialized,coop_r7_n4134_6706098a042c5b74.hsaco,clifft_v2_spec,128,64,74,0,0,272,13064
specialized,coop_r7_n8859_a41d29039d97bf55.hsaco,clifft_v2_spec,128,64,74,0,0,288,13064
specialized,coop_r7_n8859_ac99da98fe956671.hsaco,clifft_v2_spec,128,64,74,0,0,288,13064
specialized,global_r11_n16415_535587abc2d59a0c.hsaco,clifft_v2_spec,128,64,106,0,4,320,784
specialized,global_r11_n16415_ea42523959212638.hsaco,clifft_v2_spec,128,64,106,0,4,320,784
specialized,global_r11_n8952_c9a8e3428673faa8.hsaco,clifft_v2_spec,128,64,106,0,4,320,784
specialized,global_r11_n8952_ffbc70bc41dcf1d0.hsaco,clifft_v2_spec,128,64,106,0,4,320,784
specialized,global_r12_n4296_44f8c3889ac430aa.hsaco,clifft_v2_spec,128,64,106,0,4,320,784
specialized,global_r12_n4296_bdfd759dc14e3e02.hsaco,clifft_v2_spec,128,64,106,0,0,320,784
specialized,global_r13_n9359_3f3448b0f87bbc1.hsaco,clifft_v2_spec,128,64,106,0,4,336,784
specialized,global_r13_n9359_48418f6580c129c8.hsaco,clifft_v2_spec,128,64,106,0,4,336,784
specialized,global_r14_n16521_eed76d91f15abd84.hsaco,clifft_v2_spec,128,64,106,0,4,352,784
specialized,global_r20_n387_c4fdc0ec35e1675.hsaco,clifft_v2_spec,106,42,106,0,0,112,784
specialized,global_r20_n418_e6dc6d20bad43d87.hsaco,clifft_v2_spec,104,40,106,0,0,96,784
specialized,global_r21_n393_1dac6de6cfc1bf33.hsaco,clifft_v2_spec,104,40,106,0,0,112,784
specialized,global_r22_n359_52f2339ce6d2b34a.hsaco,clifft_v2_spec,128,64,108,136,762,448,784
specialized,global_r23_n335_aba5d8196d11be28.hsaco,clifft_v2_spec,128,64,108,199,662,576,784
specialized,global_r24_n320_38fdb03ce2ad4fe9.hsaco,clifft_v2_spec,128,64,108,152,594,480,784
specialized,reg_r0_n11_31516aa85504261c.hsaco,clifft_v2_spec,57,0,62,0,0,656,0
specialized,reg_r0_n11_65e7f07169bb34b2.hsaco,clifft_v2_spec,57,0,62,0,0,656,0
specialized,reg_r0_n4_5692d2913637cdb5.hsaco,clifft_v2_spec,57,0,62,0,0,656,0
specialized,reg_r0_n4_9e040787bd308f11.hsaco,clifft_v2_spec,57,0,62,0,0,656,0
specialized,reg_r3_n16432_db0365e190589c49.hsaco,clifft_v2_spec,128,64,108,0,0,1168,0
specialized,reg_r3_n4151_28881af01b449e8e.hsaco,clifft_v2_spec,128,64,104,0,0,1040,0
specialized,reg_r3_n4151_a898c1a7fa48f853.hsaco,clifft_v2_spec,128,64,104,0,0,1040,0
specialized,reg_r4_n344_43971bba89d44888.hsaco,clifft_v2_spec,128,64,108,88,10,1024,0
specialized,reg_r4_n344_7e4343b8d24562a2.hsaco,clifft_v2_spec,128,64,108,88,3,1024,0
specialized,coop_r10_n1720_ab08fc345efcf49.hsaco,clifft_v2_spec,128,64,104,0,0,336,13064
specialized,reg_r0_n10396_afc9afea3ecfcea7.hsaco,clifft_v2_spec,128,64,102,0,0,1056,0
specialized,reg_r0_n10743_1d1636fb1815dede.hsaco,clifft_v2_spec,128,64,71,0,0,992,0
specialized,reg_r0_n123_65b0496eacaa696a.hsaco,clifft_v2_spec,110,46,104,0,0,672,0
specialized,reg_r0_n12483_7fb06f38c3f84ab6.hsaco,clifft_v2_spec,128,64,59,0,0,1328,0
specialized,reg_r0_n12722_9fd1244a05469b32.hsaco,clifft_v2_spec,128,64,108,0,0,1056,0
specialized,reg_r0_n1470_ed8785aa36209880.hsaco,clifft_v2_spec,128,64,60,0,0,960,0
specialized,reg_r0_n1538_c3d1e1d6d0b21bc5.hsaco,clifft_v2_spec,126,62,60,0,0,928,0
specialized,reg_r0_n1627_d6baeb22396608da.hsaco,clifft_v2_spec,128,64,62,0,0,960,0
specialized,reg_r0_n16534_23af7b97f93d0d3a.hsaco,clifft_v2_spec,128,64,108,0,0,1088,0
specialized,reg_r0_n1661_3fa6cf3f6b31090d.hsaco,clifft_v2_spec,112,48,104,0,0,672,0
specialized,reg_r0_n212_a11b036cbeda620c.hsaco,clifft_v2_spec,110,46,106,0,0,672,0
specialized,reg_r0_n2591_93c987fdfeb6ef31.hsaco,clifft_v2_spec,128,64,61,0,0,944,0
specialized,reg_r0_n2671_d926a3d28f256c90.hsaco,clifft_v2_spec,128,64,108,0,0,960,0
specialized,reg_r0_n317_fc4adefc201f2504.hsaco,clifft_v2_spec,112,48,104,0,0,672,0
specialized,reg_r0_n4034_12771059bc36442b.hsaco,clifft_v2_spec,128,64,68,0,0,944,0
specialized,reg_r0_n4203_7b7146801bfee744.hsaco,clifft_v2_spec,128,64,104,0,0,960,0
specialized,reg_r0_n4205_952676a5967dec17.hsaco,clifft_v2_spec,127,63,58,0,0,928,0
specialized,reg_r0_n562_6964a080206ec814.hsaco,clifft_v2_spec,110,46,104,0,0,672,0
specialized,reg_r0_n5666_dc12692c87899a6.hsaco,clifft_v2_spec,128,64,102,0,0,992,0
specialized,reg_r0_n5933_17a9d884a836c244.hsaco,clifft_v2_spec,128,64,102,0,0,976,0
specialized,reg_r0_n598_dd78f67f430fe19e.hsaco,clifft_v2_spec,112,48,104,0,0,672,0
specialized,reg_r0_n6044_d6ea79e475b2e174.hsaco,clifft_v2_spec,128,64,68,0,0,944,0
specialized,reg_r0_n6109_a84a0656af2f6568.hsaco,clifft_v2_spec,128,64,58,0,0,1184,0
specialized,reg_r0_n8102_213dfafab55415ae.hsaco,clifft_v2_spec,128,64,60,0,0,960,0
specialized,reg_r0_n844_6a231bd33f69bec8.hsaco,clifft_v2_spec,123,59,61,0,0,928,0
specialized,reg_r0_n8605_290bca2fdde43bf2.hsaco,clifft_v2_spec,128,64,58,0,0,960,0
specialized,reg_r0_n8987_4bb78ddef097c1eb.hsaco,clifft_v2_spec,127,63,108,0,0,1040,0
specialized,reg_r0_n997_347d002e641dc199.hsaco,clifft_v2_spec,127,63,62,0,0,928,0
specialized,reg_r1_n10570_f9d047897add79ad.hsaco,clifft_v2_spec,128,64,104,0,0,976,0
specialized,reg_r1_n14539_eea6f9944adb6590.hsaco,clifft_v2_spec,128,64,104,0,0,960,0
specialized,reg_r1_n1629_1147666a4c67dc58.hsaco,clifft_v2_spec,128,64,104,0,11,800,0
specialized,reg_r1_n1645_83899c214380a540.hsaco,clifft_v2_spec,128,64,104,0,11,800,0
specialized,reg_r1_n17635_65a6dc4c31868bfe.hsaco,clifft_v2_spec,128,64,72,0,0,976,0
specialized,reg_r1_n17789_b05bf5eea9d6c4e2.hsaco,clifft_v2_spec,128,64,72,0,0,976,0
specialized,reg_r1_n17942_b9b62c4620a7f6f7.hsaco,clifft_v2_spec,128,64,72,0,0,976,0
specialized,reg_r1_n18727_6998b95eb790cb92.hsaco,clifft_v2_spec,128,64,104,0,0,976,0
specialized,reg_r1_n2704_cf9963452639b075.hsaco,clifft_v2_spec,128,64,106,0,11,800,0
specialized,reg_r1_n2729_51a8673dd9e7ef2d.hsaco,clifft_v2_spec,128,64,106,0,11,800,0
specialized,reg_r1_n3098_d16221cd0650a5f7.hsaco,clifft_v2_spec,128,64,106,0,12,800,0
specialized,reg_r1_n3490_958173e2ccf9ea52.hsaco,clifft_v2_spec,128,64,106,0,12,800,0
specialized,reg_r1_n3521_d3a65303f1270aaf.hsaco,clifft_v2_spec,128,64,106,0,12,800,0
specialized,reg_r1_n3589_e1948972528c54eb.hsaco,clifft_v2_spec,128,64,106,0,12,800,0
specialized,reg_r1_n4356_147800caa01771a0.hsaco,clifft_v2_spec,128,64,106,0,12,800,0
specialized,reg_r1_n4439_756516f43a7af2b0.hsaco,clifft_v2_spec,128,64,106,0,12,800,0
specialized,reg_r1_n5059_4716255b98d0f07f.hsaco,clifft_v2_spec,128,64,89,0,0,976,0
specialized,reg_r1_n6437_f55856408ae6f6ab.hsaco,clifft_v2_spec,128,64,88,0,0,960,0
specialized,reg_r1_n6820_2c9adfb220cca9a8.hsaco,clifft_v2_spec,128,64,104,0,0,960,0
specialized,reg_r3_n16432_9d43718ba8a2332d.hsaco,clifft_v2_spec,128,64,108,0,0,1168,0
specialized,reg_r3_n8919_a71390fb4db8a13f.hsaco,clifft_v2_spec,128,64,108,0,0,1104,0
