pipeline,circuit,stage,file_lines,op_kind,count
v1,circuit_d3,1_emitted,23002,llvm.ptr,9794
v1,circuit_d3,1_emitted,23002,llvm.mlir.constant,3511
v1,circuit_d3,1_emitted,23002,llvm.getelementptr,2736
v1,circuit_d3,1_emitted,23002,llvm.load,2610
v1,circuit_d3,1_emitted,23002,llvm.and,1631
v1,circuit_d3,1_emitted,23002,llvm.xor,1575
v1,circuit_d3,1_emitted,23002,llvm.lshr,1536
v1,circuit_d3,1_emitted,23002,llvm.store,1519
v1,circuit_d3,1_emitted,23002,llvm.zext,1459
v1,circuit_d3,1_emitted,23002,llvm.shl,1095
v1,circuit_d3,1_emitted,23002,llvm.struct,827
v1,circuit_d3,1_emitted,23002,llvm.trunc,482
v1,circuit_d3,1_emitted,23002,llvm.br,469
v1,circuit_d3,1_emitted,23002,llvm.or,456
v1,circuit_d3,1_emitted,23002,llvm.add,419
v1,circuit_d3,1_emitted,23002,llvm.fmul,337
v1,circuit_d3,1_emitted,23002,llvm.cond_br,324
v1,circuit_d3,1_emitted,23002,llvm.icmp,305
v1,circuit_d3,1_emitted,23002,llvm.extractvalue,188
v1,circuit_d3,1_emitted,23002,llvm.fadd,146
v1,circuit_d3,1_emitted,23002,llvm.fcmp,141
v1,circuit_d3,1_emitted,23002,llvm.insertvalue,130
v1,circuit_d3,1_emitted,23002,llvm.sub,118
v1,circuit_d3,1_emitted,23002,llvm.call,96
v1,circuit_d3,1_emitted,23002,llvm.select,87
v1,circuit_d3,1_emitted,23002,llvm.uitofp,84
v1,circuit_d3,1_emitted,23002,llvm.mul,77
v1,circuit_d3,1_emitted,23002,llvm.mlir.undef,65
v1,circuit_d3,1_emitted,23002,llvm.fsub,59
v1,circuit_d3,1_emitted,23002,llvm.amdgcn.ds.bpermute,45
v1,circuit_d3,2_opt,14257,llvm.ptr,6074
v1,circuit_d3,2_opt,14257,llvm.load,2586
v1,circuit_d3,2_opt,14257,llvm.store,1519
v1,circuit_d3,2_opt,14257,llvm.xor,1453
v1,circuit_d3,2_opt,14257,llvm.getelementptr,888
v1,circuit_d3,2_opt,14257,llvm.shl,812
v1,circuit_d3,2_opt,14257,llvm.and,782
v1,circuit_d3,2_opt,14257,llvm.lshr,731
v1,circuit_d3,2_opt,14257,llvm.zext,600
v1,circuit_d3,2_opt,14257,llvm.struct,581
v1,circuit_d3,2_opt,14257,llvm.trunc,482
v1,circuit_d3,2_opt,14257,llvm.br,469
v1,circuit_d3,2_opt,14257,llvm.or,455
v1,circuit_d3,2_opt,14257,llvm.add,418
v1,circuit_d3,2_opt,14257,llvm.cond_br,324
v1,circuit_d3,2_opt,14257,llvm.fmul,313
v1,circuit_d3,2_opt,14257,llvm.icmp,305
v1,circuit_d3,2_opt,14257,llvm.mlir.constant,180
v1,circuit_d3,2_opt,14257,llvm.fadd,146
v1,circuit_d3,2_opt,14257,llvm.fcmp,141
v1,circuit_d3,2_opt,14257,llvm.sub,118
v1,circuit_d3,2_opt,14257,llvm.extractvalue,116
v1,circuit_d3,2_opt,14257,llvm.insertvalue,110
v1,circuit_d3,2_opt,14257,llvm.call,96
v1,circuit_d3,2_opt,14257,llvm.select,87
v1,circuit_d3,2_opt,14257,llvm.uitofp,84
v1,circuit_d3,2_opt,14257,llvm.mul,77
v1,circuit_d3,2_opt,14257,llvm.fsub,59
v1,circuit_d3,2_opt,14257,llvm.amdgcn.ds.bpermute,45
v1,circuit_d3,2_opt,14257,llvm.fpext,30
v1,circuit_d3,3_translate,14875,load,2586
v1,circuit_d3,3_translate,14875,store,1519
v1,circuit_d3,3_translate,14875,xor,1364
v1,circuit_d3,3_translate,14875,getelementptr,885
v1,circuit_d3,3_translate,14875,br,793
v1,circuit_d3,3_translate,14875,shl,786
v1,circuit_d3,3_translate,14875,and,767
v1,circuit_d3,3_translate,14875,lshr,716
v1,circuit_d3,3_translate,14875,zext,600
v1,circuit_d3,3_translate,14875,trunc,482
v1,circuit_d3,3_translate,14875,or,455
v1,circuit_d3,3_translate,14875,add,418
v1,circuit_d3,3_translate,14875,fmul,313
v1,circuit_d3,3_translate,14875,icmp,304
v1,circuit_d3,3_translate,14875,phi,218
v1,circuit_d3,3_translate,14875,fadd,146
v1,circuit_d3,3_translate,14875,fcmp,141
v1,circuit_d3,3_translate,14875,extractvalue,116
v1,circuit_d3,3_translate,14875,call,111
v1,circuit_d3,3_translate,14875,insertvalue,108
v1,circuit_d3,3_translate,14875,select,85
v1,circuit_d3,3_translate,14875,uitofp,84
v1,circuit_d3,3_translate,14875,mul,77
v1,circuit_d3,3_translate,14875,fsub,59
v1,circuit_d3,3_translate,14875,sub,42
v1,circuit_d3,3_translate,14875,fpext,30
v1,circuit_d3,3_translate,14875,fptrunc,10
v1,circuit_d3,3_translate,14875,alloca,10
v1,circuit_d3,3_translate,14875,addrspacecast,10
v1,circuit_d3,3_translate,14875,fneg,5
v1,circuit_d3,4_optO2,13747,fmul,2108
v1,circuit_d3,4_optO2,13747,fadd,1411
v1,circuit_d3,4_optO2,13747,xor,1247
v1,circuit_d3,4_optO2,13747,phi,1025
v1,circuit_d3,4_optO2,13747,load,626
v1,circuit_d3,4_optO2,13747,getelementptr,626
v1,circuit_d3,4_optO2,13747,add,606
v1,circuit_d3,4_optO2,13747,br,533
v1,circuit_d3,4_optO2,13747,icmp,398
v1,circuit_d3,4_optO2,13747,select,382
v1,circuit_d3,4_optO2,13747,fsub,377
v1,circuit_d3,4_optO2,13747,lshr,365
v1,circuit_d3,4_optO2,13747,tail,334
v1,circuit_d3,4_optO2,13747,and,323
v1,circuit_d3,4_optO2,13747,extractelement,280
v1,circuit_d3,4_optO2,13747,insertelement,279
v1,circuit_d3,4_optO2,13747,shl,221
v1,circuit_d3,4_optO2,13747,fcmp,201
v1,circuit_d3,4_optO2,13747,zext,183
v1,circuit_d3,4_optO2,13747,fpext,176
v1,circuit_d3,4_optO2,13747,trunc,157
v1,circuit_d3,4_optO2,13747,uitofp,140
v1,circuit_d3,4_optO2,13747,or,127
v1,circuit_d3,4_optO2,13747,bitcast,108
v1,circuit_d3,4_optO2,13747,mul,60
v1,circuit_d3,4_optO2,13747,fptrunc,56
v1,circuit_d3,4_optO2,13747,fneg,56
v1,circuit_d3,4_optO2,13747,sitofp,54
v1,circuit_d3,4_optO2,13747,fdiv,54
v1,circuit_d3,4_optO2,13747,sub,53
v1,circuit_d3,5_isa,17802,v_xor_b32_e32,2197
v1,circuit_d3,5_isa,17802,s_mov_b32,1699
v1,circuit_d3,5_isa,17802,v_add_f64,1438
v1,circuit_d3,5_isa,17802,v_mul_f64,1209
v1,circuit_d3,5_isa,17802,v_mul_f32_e32,757
v1,circuit_d3,5_isa,17802,v_lshl_add_u64,604
v1,circuit_d3,5_isa,17802,s_waitcnt,413
v1,circuit_d3,5_isa,17802,v_mov_b64_e32,372
v1,circuit_d3,5_isa,17802,v_lshrrev_b64,350
v1,circuit_d3,5_isa,17802,v_or_b32_e32,347
v1,circuit_d3,5_isa,17802,v_ldexp_f64,334
v1,circuit_d3,5_isa,17802,v_cvt_f64_u32_e32,334
v1,circuit_d3,5_isa,17802,v_cndmask_b32_e32,334
v1,circuit_d3,5_isa,17802,v_add_f32_e32,327
v1,circuit_d3,5_isa,17802,s_or_b64,320
v1,circuit_d3,5_isa,17802,v_lshrrev_b32_e32,304
v1,circuit_d3,5_isa,17802,v_lshlrev_b64,278
v1,circuit_d3,5_isa,17802,v_sub_f32_e32,270
v1,circuit_d3,5_isa,17802,s_movk_i32,215
v1,circuit_d3,5_isa,17802,v_and_b32_e32,214
v1,circuit_d3,5_isa,17802,s_load_dwordx2,212
v1,circuit_d3,5_isa,17802,v_lshlrev_b32_e32,189
v1,circuit_d3,5_isa,17802,s_cbranch_execz,180
v1,circuit_d3,5_isa,17802,s_nop,177
v1,circuit_d3,5_isa,17802,v_cvt_f64_f32_e32,175
v1,circuit_d3,5_isa,17802,v_mov_b32_e32,168
v1,circuit_d3,5_isa,17802,s_mov_b64,164
v1,circuit_d3,5_isa,17802,v_fma_f64,162
v1,circuit_d3,5_isa,17802,global_load_dwordx2,148
v1,circuit_d3,5_isa,17802,s_and_saveexec_b64,146
v1,frame_h,1_emitted,947,llvm.mlir.constant,240
v1,frame_h,1_emitted,947,llvm.ptr,192
v1,frame_h,1_emitted,947,llvm.shl,73
v1,frame_h,1_emitted,947,llvm.xor,68
v1,frame_h,1_emitted,947,llvm.zext,56
v1,frame_h,1_emitted,947,llvm.and,54
v1,frame_h,1_emitted,947,llvm.call,47
v1,frame_h,1_emitted,947,llvm.trunc,45
v1,frame_h,1_emitted,947,llvm.amdgcn.ds.bpermute,45
v1,frame_h,1_emitted,947,llvm.lshr,43
v1,frame_h,1_emitted,947,llvm.getelementptr,42
v1,frame_h,1_emitted,947,llvm.store,40
v1,frame_h,1_emitted,947,llvm.add,36
v1,frame_h,1_emitted,947,llvm.or,28
v1,frame_h,1_emitted,947,llvm.load,22
v1,frame_h,1_emitted,947,llvm.fmul,19
v1,frame_h,1_emitted,947,llvm.fadd,16
v1,frame_h,1_emitted,947,llvm.addrspacecast,13
v1,frame_h,1_emitted,947,llvm.mul,10
v1,frame_h,1_emitted,947,llvm.alloca,10
v1,frame_h,1_emitted,947,llvm.icmp,8
v1,frame_h,1_emitted,947,llvm.br,8
v1,frame_h,1_emitted,947,llvm.struct,6
v1,frame_h,1_emitted,947,llvm.inreg,6
v1,frame_h,1_emitted,947,llvm.func,6
v1,frame_h,1_emitted,947,llvm.cond_br,6
v1,frame_h,1_emitted,947,llvm.noalias,4
v1,frame_h,1_emitted,947,llvm.mlir.global,3
v1,frame_h,1_emitted,947,llvm.mlir.addressof,3
v1,frame_h,1_emitted,947,llvm.atomicrmw,3
v1,frame_h,2_opt,606,llvm.ptr,160
v1,frame_h,2_opt,606,llvm.mlir.constant,59
v1,frame_h,2_opt,606,llvm.zext,52
v1,frame_h,2_opt,606,llvm.call,47
v1,frame_h,2_opt,606,llvm.trunc,45
v1,frame_h,2_opt,606,llvm.amdgcn.ds.bpermute,45
v1,frame_h,2_opt,606,llvm.lshr,42
v1,frame_h,2_opt,606,llvm.store,40
v1,frame_h,2_opt,606,llvm.add,36
v1,frame_h,2_opt,606,llvm.shl,34
v1,frame_h,2_opt,606,llvm.xor,29
v1,frame_h,2_opt,606,llvm.or,28
v1,frame_h,2_opt,606,llvm.getelementptr,26
v1,frame_h,2_opt,606,llvm.load,22
v1,frame_h,2_opt,606,llvm.fmul,19
v1,frame_h,2_opt,606,llvm.fadd,16
v1,frame_h,2_opt,606,llvm.addrspacecast,13
v1,frame_h,2_opt,606,llvm.mul,10
v1,frame_h,2_opt,606,llvm.alloca,10
v1,frame_h,2_opt,606,llvm.and,9
v1,frame_h,2_opt,606,llvm.icmp,8
v1,frame_h,2_opt,606,llvm.br,8
v1,frame_h,2_opt,606,llvm.inreg,6
v1,frame_h,2_opt,606,llvm.func,6
v1,frame_h,2_opt,606,llvm.cond_br,6
v1,frame_h,2_opt,606,llvm.struct,5
v1,frame_h,2_opt,606,llvm.noalias,4
v1,frame_h,2_opt,606,llvm.mlir.global,3
v1,frame_h,2_opt,606,llvm.mlir.addressof,3
v1,frame_h,2_opt,606,llvm.atomicrmw,3
v1,frame_h,3_translate,562,zext,52
v1,frame_h,3_translate,562,call,47
v1,frame_h,3_translate,562,trunc,45
v1,frame_h,3_translate,562,store,40
v1,frame_h,3_translate,562,lshr,40
v1,frame_h,3_translate,562,add,36
v1,frame_h,3_translate,562,shl,32
v1,frame_h,3_translate,562,xor,28
v1,frame_h,3_translate,562,or,28
v1,frame_h,3_translate,562,getelementptr,23
v1,frame_h,3_translate,562,load,22
v1,frame_h,3_translate,562,fmul,19
v1,frame_h,3_translate,562,fadd,16
v1,frame_h,3_translate,562,br,14
v1,frame_h,3_translate,562,mul,10
v1,frame_h,3_translate,562,alloca,10
v1,frame_h,3_translate,562,addrspacecast,10
v1,frame_h,3_translate,562,icmp,8
v1,frame_h,3_translate,562,and,7
v1,frame_h,3_translate,562,atomicrmw,3
v1,frame_h,3_translate,562,ret,2
v1,frame_h,3_translate,562,bitcast,2
v1,frame_h,3_translate,562,uitofp,1
v1,frame_h,3_translate,562,sub,1
v1,frame_h,3_translate,562,sitofp,1
v1,frame_h,3_translate,562,phi,1
v1,frame_h,3_translate,562,fsub,1
v1,frame_h,3_translate,562,fdiv,1
v1,frame_h,3_translate,562,fcmp,1
v1,frame_h,4_optO2,275,add,26
v1,frame_h,4_optO2,275,tail,23
v1,frame_h,4_optO2,275,zext,21
v1,frame_h,4_optO2,275,trunc,19
v1,frame_h,4_optO2,275,fmul,19
v1,frame_h,4_optO2,275,lshr,18
v1,frame_h,4_optO2,275,fadd,17
v1,frame_h,4_optO2,275,xor,13
v1,frame_h,4_optO2,275,shl,11
v1,frame_h,4_optO2,275,getelementptr,7
v1,frame_h,4_optO2,275,br,7
v1,frame_h,4_optO2,275,load,6
v1,frame_h,4_optO2,275,or,5
v1,frame_h,4_optO2,275,mul,5
v1,frame_h,4_optO2,275,icmp,4
v1,frame_h,4_optO2,275,store,3
v1,frame_h,4_optO2,275,atomicrmw,3
v1,frame_h,4_optO2,275,ret,2
v1,frame_h,4_optO2,275,bitcast,2
v1,frame_h,4_optO2,275,and,2
v1,frame_h,4_optO2,275,uitofp,1
v1,frame_h,4_optO2,275,sitofp,1
v1,frame_h,4_optO2,275,phi,1
v1,frame_h,4_optO2,275,fdiv,1
v1,frame_h,4_optO2,275,fcmp,1
v1,frame_h,4_optO2,275,addrspacecast,1
v1,frame_h,5_isa,524,s_mov_b32,42
v1,frame_h,5_isa,524,v_lshl_add_u64,24
v1,frame_h,5_isa,524,v_xor_b32_e32,20
v1,frame_h,5_isa,524,v_add_f64,20
v1,frame_h,5_isa,524,ds_bpermute_b32,19
v1,frame_h,5_isa,524,v_mul_f64,18
v1,frame_h,5_isa,524,s_waitcnt,17
v1,frame_h,5_isa,524,v_mov_b32_e32,13
v1,frame_h,5_isa,524,v_mul_lo_u32,12
v1,frame_h,5_isa,524,v_lshrrev_b64,7
v1,frame_h,5_isa,524,s_cbranch_execz,7
v1,frame_h,5_isa,524,s_mov_b64,6
v1,frame_h,5_isa,524,v_mov_b64_e32,5
v1,frame_h,5_isa,524,v_mad_u64_u32,5
v1,frame_h,5_isa,524,v_cmp_eq_u32_e32,5
v1,frame_h,5_isa,524,v_add3_u32,5
v1,frame_h,5_isa,524,s_and_saveexec_b64,5
v1,frame_h,5_isa,524,v_readlane_b32,4
v1,frame_h,5_isa,524,s_or_b64,4
v1,frame_h,5_isa,524,v_mbcnt_lo_u32_b32,3
v1,frame_h,5_isa,524,v_mbcnt_hi_u32_b32,3
v1,frame_h,5_isa,524,v_lshrrev_b32_e32,3
v1,frame_h,5_isa,524,v_ldexp_f64,3
v1,frame_h,5_isa,524,v_fma_f64,3
v1,frame_h,5_isa,524,v_cvt_f64_u32_e32,3
v1,frame_h,5_isa,524,global_atomic_add_x2,3
v1,frame_h,5_isa,524,v_or_b32_e32,2
v1,frame_h,5_isa,524,v_lshlrev_b32_e32,2
v1,frame_h,5_isa,524,v_fmac_f64_e32,2
v1,frame_h,5_isa,524,v_div_scale_f64,2
v2,circuit_d3,2_clangO0,19551,load,4898
v2,circuit_d3,2_clangO0,19551,store,2488
v2,circuit_d3,2_clangO0,19551,alloca,2268
v2,circuit_d3,2_clangO0,19551,addrspacecast,2259
v2,circuit_d3,2_clangO0,19551,call,1770
v2,circuit_d3,2_clangO0,19551,getelementptr,977
v2,circuit_d3,2_clangO0,19551,br,784
v2,circuit_d3,2_clangO0,19551,zext,739
v2,circuit_d3,2_clangO0,19551,icmp,422
v2,circuit_d3,2_clangO0,19551,trunc,191
v2,circuit_d3,2_clangO0,19551,and,162
v2,circuit_d3,2_clangO0,19551,xor,126
v2,circuit_d3,2_clangO0,19551,add,124
v2,circuit_d3,2_clangO0,19551,shl,106
v2,circuit_d3,2_clangO0,19551,or,91
v2,circuit_d3,2_clangO0,19551,select,75
v2,circuit_d3,2_clangO0,19551,sub,42
v2,circuit_d3,2_clangO0,19551,ret,36
v2,circuit_d3,2_clangO0,19551,lshr,34
v2,circuit_d3,2_clangO0,19551,fneg,34
v2,circuit_d3,2_clangO0,19551,fptrunc,31
v2,circuit_d3,2_clangO0,19551,fcmp,23
v2,circuit_d3,2_clangO0,19551,fmul,12
v2,circuit_d3,2_clangO0,19551,fadd,12
v2,circuit_d3,2_clangO0,19551,phi,6
v2,circuit_d3,2_clangO0,19551,mul,4
v2,circuit_d3,2_clangO0,19551,fsub,4
v2,circuit_d3,2_clangO0,19551,fpext,4
v2,circuit_d3,2_clangO0,19551,atomicrmw,3
v2,circuit_d3,2_clangO0,19551,uitofp,1
v2,circuit_d3,3_clangO2,8132,store,1103
v2,circuit_d3,3_clangO2,8132,load,1014
v2,circuit_d3,3_clangO2,8132,xor,705
v2,circuit_d3,3_clangO2,8132,br,521
v2,circuit_d3,3_clangO2,8132,getelementptr,463
v2,circuit_d3,3_clangO2,8132,shufflevector,459
v2,circuit_d3,3_clangO2,8132,fmul,448
v2,circuit_d3,3_clangO2,8132,and,412
v2,circuit_d3,3_clangO2,8132,icmp,281
v2,circuit_d3,3_clangO2,8132,phi,247
v2,circuit_d3,3_clangO2,8132,fadd,225
v2,circuit_d3,3_clangO2,8132,fsub,222
v2,circuit_d3,3_clangO2,8132,or,133
v2,circuit_d3,3_clangO2,8132,shl,115
v2,circuit_d3,3_clangO2,8132,lshr,110
v2,circuit_d3,3_clangO2,8132,bitcast,82
v2,circuit_d3,3_clangO2,8132,add,76
v2,circuit_d3,3_clangO2,8132,select,75
v2,circuit_d3,3_clangO2,8132,call,72
v2,circuit_d3,3_clangO2,8132,tail,56
v2,circuit_d3,3_clangO2,8132,insertelement,29
v2,circuit_d3,3_clangO2,8132,fcmp,26
v2,circuit_d3,3_clangO2,8132,uitofp,24
v2,circuit_d3,3_clangO2,8132,zext,23
v2,circuit_d3,3_clangO2,8132,mul,9
v2,circuit_d3,3_clangO2,8132,extractelement,9
v2,circuit_d3,3_clangO2,8132,addrspacecast,8
v2,circuit_d3,3_clangO2,8132,trunc,6
v2,circuit_d3,3_clangO2,8132,ret,5
v2,circuit_d3,3_clangO2,8132,fpext,4
v2,circuit_d3,4_isa,10398,v_mov_b32_e32,1276
v2,circuit_d3,4_isa,10398,v_xor_b32_e32,1109
v2,circuit_d3,4_isa,10398,s_waitcnt,488
v2,circuit_d3,4_isa,10398,v_pk_add_f32,431
v2,circuit_d3,4_isa,10398,v_pk_mul_f32,416
v2,circuit_d3,4_isa,10398,v_readlane_b32,412
v2,circuit_d3,4_isa,10398,scratch_store_dwordx2,406
v2,circuit_d3,4_isa,10398,s_mov_b64,392
v2,circuit_d3,4_isa,10398,v_and_b32_e32,351
v2,circuit_d3,4_isa,10398,scratch_store_dwordx4,303
v2,circuit_d3,4_isa,10398,s_or_b64,272
v2,circuit_d3,4_isa,10398,s_cbranch_execz,256
v2,circuit_d3,4_isa,10398,s_and_saveexec_b64,245
v2,circuit_d3,4_isa,10398,s_mov_b32,220
v2,circuit_d3,4_isa,10398,scratch_load_dwordx4,211
v2,circuit_d3,4_isa,10398,scratch_load_dwordx2,183
v2,circuit_d3,4_isa,10398,s_or_saveexec_b64,162
v2,circuit_d3,4_isa,10398,v_cmp_ne_u32_e32,144
v2,circuit_d3,4_isa,10398,v_accvgpr_read_b32,139
v2,circuit_d3,4_isa,10398,global_load_dwordx4,135
v2,circuit_d3,4_isa,10398,v_lshlrev_b32_e32,94
v2,circuit_d3,4_isa,10398,v_or_b32_e32,84
v2,circuit_d3,4_isa,10398,v_writelane_b32,82
v2,circuit_d3,4_isa,10398,s_add_u32,77
v2,circuit_d3,4_isa,10398,s_addc_u32,77
v2,circuit_d3,4_isa,10398,v_cmp_eq_u32_e32,75
v2,circuit_d3,4_isa,10398,v_lshrrev_b32_e32,72
v2,circuit_d3,4_isa,10398,s_swappc_b64,69
v2,circuit_d3,4_isa,10398,v_lshl_add_u64,68
v2,circuit_d3,4_isa,10398,v_lshrrev_b64,65
